"casenum"	"city"	"state"	"climate"	"housingcost"	"hlthcare"	"crime"	"transp"	"educ"	"arts"	"recreat"	"econ"	"long"	"lat"	"pop"	"stnum"	"is.awaygoing"	"cluster"	"prob"	"rank"	"sf.dists"	"dc.dists"	"climate.rank"	"econ.rank"	"crime.rank"	"housingcost.rank"	"hlthcare.rank"	"transp.rank"	"recreat.rank"	"educ.rank"	"arts.rank"	"pop.rank"
65	"Chicago"	"IL"	514	10913	5766	1034	7742	3486	24846	2856	5205	-87.625	41.882999420166	6060387	15	0	8	0.804993461888139	1	2988.42256431993	957.02041731525	202	185	197	281	2	6	40	10	2	3
26	"Baltimore"	"MD"	567	9148	3562	1730	7405	3471	9788	2925	5503	-76.6169967651367	39.2879981994629	2199531	21	0	2	0.72722197227151	2	3948.85958440009	56.8784377001608	113	147	309	240	9	8	37	12	10	8
89	"Duluth"	"MN-WI"	193	6040	1159	488	5205	2619	2377	3107	3922	-92.1129989624023	46.7830009460449	266650	24	0	13	0.693682649802032	3	2669.09045206908	1508.06798369202	312	298	30	23	96	73	28	232	116	136
262	"St. Louis"	"MO-IL"	537	7605	2850	1306	7119	3530	8896	2243	5800	-90.193000793457	38.617000579834	1808621	25	0	2	0.498827958603588	4	2806.17883803216	1141.85307956371	165	116	262	139	13	11	72	6	14	14
247	"Raleigh-Durham"	"NC"	647	8230	3476	981	6544	3455	5730	1606	6405	-78.7649993896484	35.8839988708496	561222	28	0	9	0.489483145441358	5	3859.77857596973	368.207141123907	37	58	176	190	10	21	166	13	38	61
43	"Boston"	"MA"	623	11609	5301	1215	6801	3479	21042	3066	6363	-71.0579986572266	42.3619995117188	2805911	20	0	8	0.360263893757312	6	4338.35948125602	635.374327321707	55	60	255	286	3	15	30	11	5	5
212	"New Orleans"	"LA"	498	8515	2586	1604	4579	2995	7978	3500	6453	-90.063003540039	29.9629993438721	1256256	19	0	6	0.176276898742614	7	3096.98830850087	1552.56412458003	216	54	301	216	19	111	18	79	20	26
207	"Nassua-Suffolk"	"NY"	656	11138	3919	566	2119	3234	8640	3705	7371	-73.375	40.6780014038086	2605813	35	0	6	0.165376836979744	8	4186.43429932221	370.686213282529	31	22	45	284	7	298	14	30	16	7
55	"Burlington"	"VT"	383	9673	1809	494	7146	3323	1741	3357	6726	-73.2070007324219	44.4749984741211	115308	47	0	13	0.162929406789641	9	4129.55974133914	697.959528466105	292	43	32	254	50	9	20	20	163	260
278	"Seattle"	"WA"	808	10183	2715	1170	6634	2710	9577	4800	5901	-122.330001831055	47.5970001220703	1607469	48	0	2	0.162135271988243	10	1093.40422702587	3741.46254496471	12	105	243	269	15	18	1	192	12	18
198	"Mobile"	"AL"	442	6704	1469	1511	3345	2779	1764	2164	4565	-88.0429992675781	30.6879997253418	443536	2	0	4	0.156700224870206	11	3240.89385911853	1357.17721209818	263	260	293	75	67	217	78	155	160	79
142	"Jacksonville"	"FL"	457	6626	1181	1211	5611	3048	2162	2884	6139	-81.656997680664	30.3299999237061	722252	10	0	13	0.147800670188983	12	3818.31750411559	1042.62539849935	254	81	252	64	95	53	38	59	130	48
130	"Harrisburg-Lebanon-Carlisle"	"PA"	556	7891	2087	629	6164	3224	3083	1532	5322	-76.833999633789	40.2680015563965	555158	39	0	9	0.146453752204785	13	3908.49510346008	154.124641740125	133	168	59	164	39	30	184	33	90	63
138	"Indianapolis"	"IN"	557	7012	2243	1000	5804	2690	6348	1906	5082	-86.1549987792969	39.7700004577637	1166575	16	0	9	0.143831342915184	14	3133.48847335346	791.157643504635	131	205	185	100	34	45	114	202	36	27
20	"Atlanta"	"GA"	696	8316	3195	1308	8409	3057	7559	1362	6315	-84.3190002441406	33.7630004882812	2138231	11	0	2	0.120988020460965	15	3446.09303259721	867.193225888807	24	64	263	201	11	2	225	56	25	9
60	"Charleston"	"SC"	569	7402	1463	1495	4207	3164	2993	2561	5153	-79.9300003051758	32.7630004882812	430462	41	0	4	0.111876906627562	16	3868.29981246304	730.546627213107	109	198	290	130	68	138	50	37	93	83
192	"Miami-Hialeah"	"FL"	634	10267	2314	2459	5202	2879	4837	4300	5840	-80.218002319336	25.6459999084473	1625781	10	0	6	0.111661382797834	17	4178.2431038512	1504.41179175467	49	111	314	271	32	74	3	119	52	16
294	"Syracuse"	"NY"	548	7670	1040	689	6951	3144	5080	2851	4474	-76.1500015258789	43.0519981384277	642971	35	0	9	0.110099981976869	18	3914.97100939903	468.990421704124	143	269	78	144	118	13	41	41	47	53
204	"Muskegon"	"MI"	580	6391	699	1537	3353	2630	529	2666	3708	-86.2600021362305	43.2280006408691	157589	23	0	1	0.10497593320779	19	3095.07415550265	911.767942221302	95	306	298	45	191	215	46	223	253	205
141	"Jackson"	"MS"	412	7245	1792	1091	4917	3130	3209	1427	5186	-90.1949996948242	32.3320007324219	362038	26	0	9	0.104561772003415	20	2982.73846360634	1395.02447197495	280	192	216	118	53	88	210	43	87	99
203	"Muncie"	"IN"	530	5800	949	783	4325	2965	2498	1428	3980	-85.3870010375977	40.1920013427734	128587	16	0	4	0.0940075848218544	21	3192.32936312165	731.306790009152	176	296	104	16	133	132	208	89	112	240
287	"Springfield"	"IL"	524	7882	1877	1225	6172	3078	1983	1536	5384	-89.6480026245117	39.7999992370605	187789	15	0	13	0.0862465419203651	22	2836.43825640735	1089.76701368149	187	160	257	163	45	29	183	53	144	179
146	"Johnson City-Kingsport-Bristol"	"TN-VA"	663	6119	1152	424	2532	2925	1925	2155	4903	-82.333999633789	36.5149993896484	433638	43	0	4	0.0844233709599724	23	3532.08794504545	536.517762816038	29	223	18	27	98	275	81	101	146	82
300	"Toledo"	"OH"	518	7767	1738	998	5323	2852	4389	1952	4534	-83.5279998779297	41.5909996032715	616864	36	0	9	0.0811240709579553	24	3330.19750483712	628.135532519535	195	262	183	149	55	67	101	134	59	56
252	"Richmond-Petersburg"	"VA"	585	8343	2448	1076	6680	2940	5697	1943	5870	-77.4250030517578	37.3849983215332	761311	46	0	9	0.0806563818640438	25	3930.13422808659	171.2331399719	88	107	212	204	27	17	103	95	39	46
255	"Rochester"	"MN"	308	9193	2966	437	4399	2134	769	1503	6099	-92.4629974365234	44.0229988098145	92006	24	0	15	0.0751548491881271	26	2598.64979672927	1405.44490378255	304	84	20	241	12	126	193	311	234	295
256	"Rochester"	"NY"	536	8609	1969	894	5165	3582	6956	2659	6304	-77.6080017089844	43.1580009460449	971230	35	0	6	0.0671265103379491	27	3795.91730575048	477.335060131132	168	69	144	223	42	77	47	4	32	35
22	"Augusta"	"GA-SC"	534	6292	1798	872	2523	2915	1047	913	5431	-81.9670028686523	33.4700012207031	345918	11	0	10	0.0633152429137708	28	3662.93438280781	748.612692041867	175	158	134	39	52	278	286	105	210	103
324	"Wilmington"	"NC"	564	6858	1099	1423	2904	2876	1077	2668	5390	-77.9229965209961	34.2369995117188	103471	28	0	14	0.0604970460995183	29	3988.51260885707	524.258199125725	115	159	281	88	107	253	45	121	208	279
113	"Fort Wayne"	"IN"	509	6733	1060	710	5416	2772	2846	1711	4195	-85.1419982910156	41.0719985961914	354156	16	0	13	0.0591118735782415	30	3201.75399212535	732.672425315394	207	291	83	77	113	64	142	160	99	101
5	"Albuquerque"	"NM"	659	8393	1853	1483	6558	3026	4496	2612	5727	-106.650001525879	35.0830001831055	419700	33	0	9	0.0590215492248072	31	1441.76930201509	2655.46696097426	30	123	288	209	48	20	49	70	57	87
277	"Scranton-Wilkes Barre"	"PA"	575	6697	1219	372	3683	3230	1832	1386	4907	-75.7750015258789	41.3269996643066	728796	39	0	4	0.0584999080422654	32	3974.72575711702	291.446633764316	100	222	6	73	88	180	224	31	155	47
126	"Greensboro-Winston-Salem-High Point"	"NC"	626	7064	1694	967	4453	3090	4188	1651	5204	-80.0130004882812	36.0419998168945	851851	28	0	9	0.0563652108458794	33	3746.88432034606	412.231467405753	53	186	167	104	58	121	153	52	67	41
29	"Battle Creek"	"MI"	527	6342	900	1031	4652	2483	354	1648	4008	-85.181999206543	42.3219985961914	141557	23	0	1	0.0534985410105276	34	3187.17165089892	786.956645813546	180	295	195	42	139	103	154	271	271	220
259	"Saginaw-Bay City-Midland"	"MI"	515	7368	1022	1068	3186	2772	1708	2059	3709	-84.0179977416992	43.5509986877441	421518	23	0	12	0.0527697730291063	35	3275.39039044223	781.179560521834	201	305	209	127	123	230	88	159	164	85
119	"Gary-Hammond"	"IN"	483	7641	1364	996	5855	2526	4115	1940	3826	-87.4189987182617	41.6150016784668	642781	16	0	9	0.0509643437414248	36	3007.17273233343	932.266659163394	230	301	181	142	76	44	104	259	68	54
127	"Greenville-Spartanburg"	"SC"	655	6336	1260	1185	3950	3236	2569	1410	5012	-82.1729965209961	34.8950004577637	569066	41	0	4	0.0504141107409123	37	3595.37112390627	638.042649045861	32	210	248	41	81	156	216	29	109	59
140	"Jackson"	"MI"	518	6794	679	1021	4800	2654	323	1933	3822	-84.4000015258789	42.2470016479492	151495	23	0	1	0.0502610049651383	38	3251.98444532482	725.933386135182	196	302	191	85	195	94	106	212	276	210
266	"Salt Lake City-Ogden"	"UT"	541	9466	1631	969	6228	2340	5528	3900	4942	-111.934997558594	40.8819999694824	910222	45	0	6	0.0477460870673948	39	965.804491832165	2969.68384811209	160	216	169	250	61	27	11	298	42	37
67	"Cincinnati"	"OH-KY-IN"	584	8143	2138	978	5748	2918	9688	2451	5270	-84.5130004882812	39.0999984741211	1401491	36	0	2	0.0457187142456546	40	3284.26767756149	647.374673730839	89	177	175	183	37	47	57	103	11	23
38	"Birmingham"	"AL"	612	6811	1692	1123	5177	2851	3958	1234	4843	-86.806999206543	33.5120010375977	883946	2	0	9	0.0453980443082096	41	3236.4907639354	1061.79122673451	64	233	227	86	59	76	242	136	69	39
76	"Cumberland"	"MD-WV"	591	6054	760	337	3709	3363	373	1036	4741	-78.7630004882812	39.6500015258789	107782	21	0	1	0.0452759841099893	42	3760.10493045121	171.307918442467	83	242	3	24	171	178	274	16	268	276
285	"South Bend-Mishawaka"	"IN"	545	5938	830	1038	5634	2874	2672	1819	5056	-86.2149963378906	41.6689987182617	241617	16	0	13	0.0446203343800746	43	3106.7108633538	838.269155757432	149	207	199	20	153	50	125	122	106	152
51	"Brownsville-Harlington"	"TX"	440	5376	91	974	3119	2413	162	3000	4968	-97.4820022583008	25.9190006256104	209727	44	0	10	0.043570148464084	44	2689.57391766127	2394.34133108321	265	214	171	3	314	235	33	290	295	161
2	"Akron"	"OH"	575	8138	1656	886	4883	2438	5564	2632	4350	-81.5179977416992	41.0849990844727	660328	36	0	9	0.0431488040100347	45	3503.59650591894	453.69210188171	101	279	138	182	60	93	48	284	41	51
176	"Little Rock-North Little Rock"	"AR"	497	7270	1861	1328	4186	2581	2180	1462	5273	-92.2720031738281	34.7509994506836	474484	3	0	4	0.0425196997252114	46	2714.78115995875	1431.96815610233	217	176	268	119	46	140	202	244	128	76
81	"Dayton-Springfield"	"OH"	544	7635	2253	1151	4775	2772	6935	1122	4532	-84.0029983520508	39.8390007019043	942083	36	0	9	0.0403596138143853	47	3314.60302938936	608.884740390843	151	263	233	141	33	96	262	161	33	36
139	"Iowa City"	"IA"	434	9429	2437	830	2770	2842	2255	1506	5165	-91.5350036621094	41.6619987487793	81717	13	0	15	0.0402060550437884	48	2664.83104659339	1267.94748955745	270	196	122	248	28	262	192	139	122	306
18	"Asheville"	"NC"	694	6722	1204	566	5086	2990	1391	1542	5196	-82.556999206543	35.5929985046387	160934	28	0	13	0.0394108369111873	49	3539.77639484383	611.76985174378	25	188	46	76	90	80	181	81	183	203
97	"Eugene-Springfield"	"OR"	741	9370	539	874	5293	3118	2631	3400	3045	-122.981002807617	43.9519996643066	275226	38	0	12	0.0373790936364623	50	689.253436441393	3826.45055162659	18	315	135	247	245	69	19	47	107	130
111	"Fort Smith"	"AR-OK"	482	5784	466	663	3092	2927	145	1736	4849	-94.4179992675781	35.3849983215332	162813	3	0	10	0.0355274031248041	51	2507.59798997002	1588.66229699164	233	230	73	15	264	240	138	99	301	201
82	"Daytona Beach"	"FL"	561	7203	723	1347	4117	2612	809	3967	6592	-81.0230026245117	29.2150001525879	258762	10	0	14	0.0352701720538362	52	3925.40522666756	1138.01883834604	118	49	273	114	183	148	9	237	230	144
298	"Terre Haute"	"IN"	557	5527	453	630	3550	3012	1226	1401	4353	-87.4079971313477	39.4669990539551	137247	16	0	1	0.034406295984809	53	3031.52801975996	897.062674908402	132	278	60	5	267	191	220	74	197	228
118	"Galveston-Texas City"	"TX"	727	7767	1437	1213	3423	2809	1756	3000	6026	-94.8440017700195	29.3470001220703	195940	44	0	15	0.0339132260524105	54	2712.12870799882	1949.76277454112	20	94	254	150	71	209	32	144	161	170
185	"Madison"	"WI"	378	9897	2168	779	6084	3047	5123	1944	5448	-89.3929977416992	43.0699996948242	323545	49	0	6	0.0315840818800278	55	2840.70975765086	1136.60512544077	294	156	101	260	36	34	102	60	46	110
4	"Albany-Schenectady-Troy"	"NY"	476	7908	1431	610	6883	3399	4655	1617	5864	-73.7979965209961	42.7330017089844	835880	35	0	9	0.0310790925103713	56	4109.9006613903	506.964176739577	239	109	54	167	72	14	161	14	53	44
179	"Los Angeles-Long Beach"	"CA"	885	13868	5153	1960	4345	3195	23567	3948	5316	-118.217002868652	33.9169998168945	7477503	5	0	8	0.0308166446317041	57	572.638854935137	3699.61882549596	5	169	313	302	4	130	10	34	3	2
123	"Great Falls"	"MT"	410	7143	667	792	3747	2737	401	2176	4697	-111.285003662109	47.5019989013672	80696	27	0	1	0.0301548239839578	58	1412.52383490611	2912.52348506774	282	247	110	110	200	174	77	175	265	308
27	"Bangor"	"ME"	451	7277	780	651	5613	2934	1995	2148	5172	-68.7720031738281	44.8019981384277	83919	22	0	13	0.029893573668108	59	4471.97950365937	948.860938994191	260	194	70	120	168	52	82	97	141	303
150	"Kalamazoo"	"MI"	527	7919	1043	1120	5419	2896	2071	2163	4794	-85.5830001831055	42.2900009155273	212378	23	0	13	0.0280421149098074	60	3154.42804828352	815.207466902577	181	238	226	168	116	63	79	115	136	159
216	"Norfolk-Virginia Beach-Newport News"	"VA"	632	8568	1932	997	3215	3014	7087	2964	5866	-76.2269973754883	36.8899993896484	1160311	46	0	6	0.02721582281375	61	4047.21450636919	233.836894926892	50	108	182	219	44	227	35	73	30	28
328	"Youngstown-Warren"	"OH"	570	7021	1097	938	3374	2920	2797	1327	3894	-80.7289962768555	41.1699981689453	531350	36	0	4	0.0267776326160811	62	3567.88148199662	404.349675773976	107	299	156	101	108	214	231	102	102	66
15	"Ann Arbor"	"MI"	546	11014	2508	1067	3433	3346	7559	2288	4579	-83.75	42.2830009460449	264748	23	0	6	0.0259473783243057	63	3305.08916535717	681.526747420579	147	257	208	282	24	207	68	18	24	138
117	"Gainesville"	"FL"	402	7388	1731	1658	3527	3094	3335	1237	5739	-82.3300018310547	29.6599998474121	171371	10	0	4	0.0251712819311951	64	3789.61322213702	1136.79677116082	285	121	305	128	56	194	240	51	83	190
72	"Columbia"	"SC"	526	7519	1421	1524	5859	2908	2489	1484	5279	-81.0449981689453	33.9930000305176	410088	41	0	13	0.0248139027531436	65	3724.75658215981	652.892205907034	182	174	294	136	73	43	197	108	113	89
163	"Lakeland-Winter Haven"	"FL"	307	6680	323	1373	3412	2998	309	2513	5594	-81.8420028686523	28.0319995880127	321652	10	0	14	0.0244492479598007	66	3910.97685969218	1288.23626271045	306	138	277	68	295	211	54	78	278	111
283	"Sioux City"	"IA-NE"	385	6528	846	759	4316	2673	1393	1359	4648	-96.3919982910156	42.492000579834	117457	13	0	1	0.0244274019994755	67	2266.65084545027	1678.35942816836	291	250	96	56	148	133	226	208	182	257
317	"Wausau"	"WI"	308	7642	818	442	3496	2749	761	1654	4300	-89.6399993896484	44.9599990844727	111270	49	0	1	0.0235974041865817	68	2831.05276559567	1241.39881110138	305	282	22	143	156	200	152	170	236	269
172	"Lewiston-Auburn"	"ME"	490	6876	759	764	2941	2694	736	1853	4444	-70.2229995727539	44.0970001220703	84690	22	0	1	0.0232853322190557	69	4370.91789110522	810.702188994658	224	272	97	89	172	249	122	200	239	302
156	"Knoxville"	"TN"	670	6692	960	622	4273	2761	3309	2514	5537	-83.9179992675781	35.9679985046387	565970	43	0	4	0.0232307821100354	70	3410.17849972406	689.917426959852	26	144	55	72	132	136	53	165	84	60
68	"Clarksville-Hopkinsville"	"TN-KY"	544	6007	446	736	2226	2654	111	2219	4880	-87.4179992675781	36.6940002441406	150220	43	0	10	0.023213103327966	71	3086.09177663917	945.142074857121	152	229	89	22	269	295	76	211	305	212
80	"Davenport-Rock Island-Moline"	"IA-IL"	440	8083	1113	834	3907	2901	1017	1920	4997	-90.5490036010742	41.5060005187988	383958	15	0	15	0.0222572839871014	72	2747.33719813954	1184.10665271564	266	212	123	177	102	160	109	112	214	93
165	"Lansing-East Lansing"	"MI"	480	7907	1371	894	5557	2891	4206	1609	4747	-84.4290008544922	42.6699981689453	419750	23	0	9	0.0221363110999892	73	3246.56872902976	751.566341303991	235	241	145	166	75	57	164	117	66	86
263	"Salem"	"OR"	716	8378	749	1014	4732	3278	691	1873	3835	-123.02799987793	44.9169998168945	249895	38	0	12	0.0208156924121389	74	796.675614770158	3816.89960575761	23	300	188	207	173	98	119	24	243	147
206	"Nashville"	"TN"	600	7800	1850	984	5030	2763	4342	1849	5938	-86.7639999389648	36.1609992980957	850505	43	0	9	0.020479960738382	75	3156.91828588894	910.727377684075	77	101	178	157	49	81	123	164	60	42
276	"Savannah"	"GA"	542	6896	1084	1614	5958	2456	2262	2237	5591	-81.093002319336	32.0769996643066	220553	11	0	13	0.0198002319805722	76	3793.47300617064	842.943364975254	156	140	303	91	109	36	73	277	121	155
319	"Wheeling"	"WV-OH"	542	6576	791	308	2450	3002	422	1271	4740	-80.7229995727539	40.0699996948242	185566	50	0	10	0.0197354757602114	77	3586.95694317939	343.059871929736	157	243	1	60	165	280	236	76	263	180
325	"Worcester"	"MA"	562	8715	1805	680	3643	3299	1784	910	5040	-71.7949981689453	42.2719993591309	402918	20	0	15	0.0196194136697402	78	4280.67436266232	580.898526884029	117	208	77	229	51	183	287	22	158	92
157	"Kokomo"	"IN"	512	6616	596	413	1817	2904	285	1000	3429	-86.1330032348633	40.4869995117188	103715	16	0	10	0.0194684174492109	79	3125.57989070107	799.091340243131	206	310	15	63	224	306	279	110	281	278
279	"Sharon"	"PA"	570	6697	700	384	2017	3022	52	1100	4055	-80.5169982910156	41.2330017089844	128299	39	0	10	0.0188063615372303	80	3584.51188361892	394.930373284134	108	294	8	74	189	300	268	72	315	242
219	"Ocala"	"FL"	333	6750	489	1327	3798	2864	266	3095	7060	-82.1350021362305	29.1849994659424	122488	10	0	14	0.0186985826156257	81	3829.0363112768	1178.07136255443	303	35	267	80	259	169	29	128	285	249
240	"Portland"	"OR"	768	9912	1590	1504	5947	3343	5160	2532	4535	-122.36499786377	45.5470008850098	1105699	38	0	6	0.018676644830583	82	865.18684944832	3758.17179585757	16	261	292	262	63	37	52	19	45	29
316	"Waterloo-Cedar Falls"	"IA"	347	7881	925	700	3351	2889	3000	1900	4407	-92.3970031738281	42.5099983215332	162781	13	0	4	0.018487941745285	83	2594.12714948408	1355.49343696058	299	274	80	162	135	216	115	118	92	202
322	"Williamsport"	"PA"	558	7284	860	464	3097	2906	196	726	3288	-77.0029983520508	41.2449989318848	118416	39	0	1	0.0184561596993985	84	3875.05566398129	261.947622963411	128	313	25	121	146	237	306	109	291	255
71	"Columbia"	"MO"	541	7702	1951	1065	3893	2377	2882	1331	5147	-92.3300018310547	38.9570007324219	100376	25	0	4	0.0183386052516884	85	2617.40503397663	1323.23955932059	161	199	207	146	43	161	230	296	98	285
131	"Hartford"	"CT"	516	11652	2521	1279	7120	3628	3616	1790	6307	-72.6750030517578	41.7669982910156	715923	7	0	5	0.0180840814699875	86	4219.7721642747	488.963574089752	198	68	260	289	23	10	132	3	76	49
13	"Anderson"	"IN"	530	5704	580	878	2865	2469	430	838	3370	-85.6849975585938	40.1669998168945	139336	16	0	10	0.0180409127059597	87	3167.53519357802	755.975410412063	177	311	136	9	234	257	295	276	262	223
17	"Appleton-Oshkosh-Neenah"	"WI"	396	7877	833	525	3298	2844	1166	2315	5275	-88.4670028686523	44.1580009460449	291369	49	0	15	0.0172814878437041	88	2918.42048061051	1117.24500471569	289	175	38	161	151	225	65	137	202	122
9	"Altoona"	"PA"	561	6191	432	399	4246	2778	256	1210	4230	-78.3949966430664	40.5149993896484	136621	39	0	1	0.0163911961511527	89	3773.35444591728	215.049098050102	119	288	9	32	274	137	247	157	287	229
297	"Tampa-St. Petersburg-Clearwater"	"FL"	440	7442	1189	1493	5588	3044	5040	2943	7256	-82.6640014648438	27.9549999237061	1613603	10	0	3	0.0163172288609984	90	3842.71228758054	1324.40071163535	267	25	289	131	93	54	36	61	48	17
14	"Anderson"	"SC"	591	5725	820	975	2707	2772	169	613	4262	-82.6549987792969	34.5099983215332	133235	41	0	10	0.0162623929931457	91	3566.06240581443	699.521974574223	84	285	172	14	154	266	313	162	293	232
106	"Florence"	"SC"	552	6508	818	1334	4963	3109	628	800	4842	-79.7679977416992	34.1969985961914	110163	41	0	1	0.0157928893255631	92	3829.08134197453	576.970849404683	137	234	269	54	155	86	300	49	247	271
73	"Columbus"	"GA-AL"	517	5817	833	820	2995	2665	1861	1214	4812	-84.9820022583008	32.4620018005371	239196	11	0	4	0.0157709073470754	93	3436.26125269896	1013.58905358567	197	237	117	17	150	243	246	210	152	153
284	"Sioux Falls"	"SD"	276	7983	1041	556	6271	2651	465	1324	5204	-96.702003479004	43.4949989318848	109435	42	0	13	0.0157692538477321	94	2253.44822118117	1720.6807642646	307	187	44	171	117	26	232	215	259	274
8	"Alton-Granite City"	"IL"	537	6487	965	706	4975	2945	1487	1280	5795	-90.161003112793	38.7939987182617	268229	15	0	13	0.0150483272293101	95	2806.1566562943	1137.31030063102	166	117	81	52	130	85	235	92	175	135
122	"Grand Rapids"	"MI"	513	7780	1274	952	3454	2705	3255	1909	4848	-85.6699981689453	42.9630012512207	601680	23	0	4	0.014711580615153	96	3143.82657469362	855.521886512696	204	231	161	155	80	205	113	196	86	57
77	"Dallas"	"TX"	544	9318	2825	1529	6213	3269	10438	2310	7710	-96.811996459961	32.7770004272461	1957378	44	0	2	0.0144579661619173	97	2384.38489375832	1905.51295132322	153	12	295	244	14	28	66	26	9	10
295	"Tacoma"	"WA"	808	7770	539	1162	4730	2546	4297	4000	4887	-122.432998657227	47.2369995117188	485643	48	0	9	0.0144387714020948	98	1053.30693055993	3750.81155604957	13	227	238	151	244	99	7	250	62	74
121	"Grand Forks"	"ND"	105	7898	1109	401	5587	2721	1921	1304	5646	-97.0370025634766	47.9199981689453	66100	29	0	13	0.0143510384639499	99	2343.76964246514	1895.97576842522	315	136	12	165	104	55	234	187	147	314
159	"Lafayette"	"IN"	494	7778	655	465	4956	2945	2235	1814	4333	-86.8929977416992	40.4199981689453	121702	16	0	12	0.0143289898721052	100	3062.39623062329	861.497094699029	221	280	26	153	202	87	127	91	123	251
147	"Johnstown"	"PA"	547	6524	731	353	4343	2691	666	903	4181	-78.9199981689453	40.3250007629395	264506	39	0	1	0.0142818834855949	101	3733.20009050164	227.227353215093	146	292	5	55	179	131	288	201	245	139
292	"Steubenville-Weirton"	"OH-WV"	542	6578	505	418	1532	2672	147	1460	3744	-80.5970001220703	40.3759994506836	163099	36	0	10	0.0142487230749479	102	3591.97196463757	347.304875496881	158	303	17	61	256	313	203	209	300	200
85	"Des Moines"	"IA"	444	8028	1256	1044	5521	2613	1857	1802	5346	-93.6179962158203	41.5870018005371	367561	13	0	13	0.0140829700283215	103	2491.55769934574	1438.485785711	262	162	201	173	83	60	130	236	153	96
282	"Shreveport"	"LA"	508	6534	1445	1197	4401	2858	2826	1389	6585	-93.7580032348633	32.4900016784668	333079	19	0	4	0.0140691666860987	104	2663.43371221292	1668.17129990569	210	50	251	57	69	125	223	130	100	108
79	"Danville"	"VA"	545	5709	593	379	3161	2943	85	501	4491	-79.3880004882812	36.5919990539551	111789	46	0	10	0.0135249020532511	105	3784.42287550125	329.411877787096	150	266	7	11	228	231	314	93	309	268
178	"Lorain-Elyria"	"OH"	579	8309	1105	609	3629	2582	2565	1602	3301	-82.1439971923828	41.4150009155273	274909	36	0	12	0.0134792655581558	106	3447.02537360758	517.532798099555	97	312	53	198	106	184	170	243	110	131
33	"Benton Harbor"	"MI"	566	6761	570	1190	2989	2545	79	1477	3635	-86.4469985961914	42.1049995422363	171276	23	0	1	0.013476075051112	107	3084.44918136549	872.832202953368	114	308	249	84	236	245	199	252	311	191
91	"Eau Claire"	"WI"	257	7078	798	433	3197	2960	1807	1397	5348	-91.4710006713867	44.8660011291504	130932	49	0	4	0.0133506347607926	108	2686.37230806837	1366.18991384801	308	161	19	105	164	229	221	90	156	237
31	"Beaver County"	"PA"	586	7866	861	310	2960	2535	1284	1480	3119	-80.3150024414062	40.693000793457	204441	39	0	12	0.0131835390169648	109	3610.02566432872	344.923594617033	86	314	2	159	145	248	198	256	190	165
254	"Roanoke"	"VA"	652	7476	1036	784	3872	2723	1263	2036	5287	-79.936996459961	37.2729988098145	220393	46	0	15	0.012783242885016	110	3717.92225152946	311.78748039285	33	173	105	133	120	162	92	185	193	156
213	"New York"	"NY"	638	13358	7850	2498	8625	2984	56745	3579	5338	-73.879997253418	40.8489990234375	8274961	35	0	8	0.0123990601654435	111	4140.86744302557	346.407316474189	44	164	315	298	1	1	16	83	1	1
94	"Elmira"	"NY"	467	7078	562	582	3324	3000	1048	1600	4813	-76.806999206543	42.0929985046387	97656	35	0	1	0.0119661393387466	112	3876.38116211387	356.846998769542	247	236	50	106	239	220	171	77	209	290
6	"Alexandria"	"LA"	520	5819	640	727	2444	2972	334	1018	5254	-92.4530029296875	31.3020000457764	135282	19	0	10	0.0118689728963102	113	2827.22745813518	1635.61287879411	194	181	86	18	204	281	276	87	274	230
301	"Topeka"	"KS"	501	7110	1148	999	5348	2795	1632	1141	5464	-95.6699981689453	39.0519981384277	154916	17	0	13	0.0117196516331568	114	2328.90778024821	1610.22228220442	212	153	184	108	99	66	257	150	167	207
152	"Kansas City"	"KS"	549	8126	1711	1142	5006	3028	1167	1045	6166	-94.625	39.117000579834	519031	17	0	13	0.0116286595136052	115	2418.19452526366	1519.63875111913	141	77	231	181	57	83	273	68	201	69
174	"Lima"	"OH"	522	6986	741	855	4084	2629	1352	1428	4313	-84.1050033569336	40.7350006103516	154795	36	0	1	0.0114340997545528	116	3292.61986778878	638.344663221908	190	281	128	98	174	149	209	225	186	208
101	"Fayetteville"	"NC"	561	6274	872	1150	4402	3051	844	709	5255	-78.8769989013672	35.0550003051758	247160	28	0	1	0.0111144684382481	117	3877.06052316407	457.503482857587	120	180	232	36	144	124	308	58	227	148
128	"Hagerstown"	"MD"	568	7763	818	627	3431	2990	825	1491	4477	-77.7200012207031	39.6450004577637	113086	21	0	1	0.0111011263455615	118	3847.88426188796	102.624681635509	112	268	57	148	157	208	196	82	228	262
88	"Dubuque"	"IA"	419	7993	640	571	3668	2701	340	1587	3949	-90.6750030517578	42.5029983520508	93745	13	0	1	0.0108627621505231	119	2735.40737748769	1217.84226834825	279	297	49	172	205	182	173	197	273	293
307	"Utica-Rome"	"NY"	548	6744	391	400	4592	2970	858	1750	5226	-75.3410034179688	43.1590003967285	320180	35	0	1	0.0106956440670066	120	3978.57258316299	495.768278148025	144	183	11	79	279	109	135	88	225	112
248	"Reading"	"PA"	614	7614	1154	522	3120	3028	1108	1549	5587	-75.9280014038086	40.3279991149902	312509	39	0	15	0.0106407847049217	121	3982.66673778829	185.829429486633	63	141	36	140	97	234	179	67	205	115
40	"Bloomington"	"IN"	558	7056	731	657	1746	2873	2152	1990	4829	-86.5279998779297	39.1650009155273	98785	16	0	4	0.0104851177378869	122	3111.3295345721	821.283951600896	129	235	72	102	180	309	96	123	131	288
183	"Lynchburg"	"VA"	642	6934	732	643	4909	2803	1079	1439	4926	-79.1429977416992	37.4150009155273	141289	46	0	1	0.00986103118203621	123	3782.19233623924	247.269158408935	42	218	66	96	177	90	206	146	207	221
244	"Provo-Orem"	"UT"	500	9321	198	485	4546	2618	1985	3300	3459	-111.678001403809	40.2719993591309	218106	45	0	12	0.00946047681318593	124	968.717071053961	2957.40385656139	213	309	28	245	312	113	23	234	143	157
98	"Evansville"	"IN-KY"	550	6743	783	864	3496	2797	1876	1622	5206	-87.5749969482422	37.9700012207031	276252	16	0	4	0.00943161003832648	125	3043.59314584644	924.47888161838	139	184	132	78	166	201	159	148	150	129
323	"Wilmington"	"DE-NJ-MD"	597	7927	1445	1115	4532	3112	4545	1923	6174	-75.5500030517578	39.7470016479492	523221	9	0	3	0.00942610759657276	126	4027.42671643489	159.275816816564	79	76	224	169	70	114	108	48	55	68
93	"Elkhart-Goshen"	"IN"	521	6573	596	524	4168	2537	353	1023	4214	-85.9010009765625	41.6389999389648	137330	16	0	1	0.00924800042390403	127	3133.00245639211	812.478473545303	191	290	37	59	223	142	275	255	272	227
236	"Pine Bluff"	"AR"	463	5674	617	1169	1671	2554	373	793	4247	-92.0169982910156	34.2229995727539	90718	3	0	10	0.00918460682013993	128	2753.94790544512	1434.94100526609	251	287	242	8	213	310	302	249	269	297
268	"San Antonio"	"TX"	398	6898	1337	1197	5387	2938	4295	1509	6873	-98.495002746582	29.4230003356934	1071954	44	0	3	0.00913762239037803	129	2396.22458587779	2232.46196382825	287	39	250	92	78	65	190	96	63	31
158	"La Crosse"	"WI"	352	8310	686	676	6096	3027	1466	1953	5648	-91.2369995117188	43.8190002441406	91056	49	0	13	0.009117149573	130	2694.92243528176	1305.16307083928	298	135	76	199	193	33	100	69	177	296
83	"Decatur"	"IL"	480	7395	732	897	3867	2683	298	1222	4274	-88.9530029296875	39.8429985046387	131375	15	0	1	0.008984694656834	131	2895.00518083179	1030.51199865977	236	284	146	129	178	163	243	205	280	235
288	"Springfield"	"MA"	453	8039	710	1212	6159	3525	3466	1514	5289	-72.5879974365234	42.0999984741211	515259	20	0	9	0.00888161536976127	132	4219.93287726102	518.624320720009	258	172	253	175	186	31	187	7	80	70
149	"Joplin"	"MO"	580	5159	500	628	2335	2871	80	801	5324	-94.4670028686523	37.0830001831055	127513	25	0	10	0.00867805792671097	133	2462.75825768205	1540.38267432446	96	167	58	1	257	286	299	125	310	243
154	"Kenosha"	"WI"	496	8516	1067	911	4473	2918	3844	2224	5176	-87.822998046875	42.5849990844727	123137	49	0	3	0.00855972149212839	134	2969.21572125368	997.65494166092	219	193	149	217	112	118	75	104	71	248
63	"Charlottesville"	"VA"	618	9531	1348	756	6041	3489	1422	1704	6055	-78.5070037841797	38.0379981994629	113568	46	0	13	0.00842081533781889	135	3819.98135910321	159.821510686169	57	90	95	251	77	35	143	9	181	261
104	"Flint"	"MI"	540	7204	724	1671	4912	2511	2163	1355	3724	-83.6829986572266	43.0219993591309	450449	23	0	12	0.00807629329145718	136	3305.15335882631	723.410929692023	162	304	307	115	182	89	227	262	129	78
58	"Cedar Rapids"	"IA"	434	7774	837	714	5270	2619	904	1501	5009	-91.6729965209961	41.9749984741211	169775	13	0	13	0.00790602625177071	137	2653.04978509075	1285.24463662966	271	211	84	152	149	70	195	233	223	194
132	"Hickory"	"NC"	623	6760	1006	765	2703	2726	188	797	4728	-81.3369979858398	35.7369995117188	202711	28	0	10	0.00778127075714097	138	3641.42260454542	518.099288632372	56	245	98	83	125	267	301	184	292	166
235	"Phoenix"	"AZ"	536	8921	1584	1268	4729	2942	4573	2472	6415	-112.072998046875	33.4550018310547	1509052	4	0	3	0.00774000354203406	139	1051.51771874299	3186.1458219728	169	56	258	234	64	100	55	94	54	20
233	"Peoria"	"IL"	491	8388	1184	921	2967	2452	2294	1688	4073	-89.5920028686523	40.693000793457	365864	15	0	12	0.00765217634126939	140	2832.32485282692	1091.77298439231	223	293	151	208	94	247	148	280	120	97
238	"Pittsfield"	"MA"	482	7807	694	638	3759	3264	228	1420	5483	-73.2529983520508	42.4469985961914	83490	20	0	15	0.00763748282737376	141	4159.19258456901	508.284829178086	234	151	65	158	192	172	211	27	289	304
37	"Binghampton"	"NY"	550	8257	1007	415	4529	3052	1599	1722	5614	-75.9130020141602	42.0979995727539	263460	35	0	15	0.00760601408489606	142	3949.29844291901	369.259959206777	140	137	16	194	124	115	141	57	169	141
32	"Bellingham"	"WA"	772	8329	240	825	3776	2778	1302	3200	4247	-122.483001708984	48.7630004882812	106701	48	0	12	0.0075583701488387	143	1223.1915515728	3750.19704853535	15	286	121	202	305	171	24	156	188	277
326	"Yakima"	"WA"	535	6440	317	1106	3731	2491	996	2140	4986	-120.513000488281	46.5950012207031	172508	48	0	1	0.00741460792521942	144	994.235164877738	3607.96418279888	173	213	222	47	296	176	83	269	218	189
245	"Pueblo"	"CO"	497	6637	468	1181	3501	2653	1307	1619	4646	-104.605003356934	38.2400016784668	125972	6	0	1	0.00726569640580688	145	1560.77519570163	2391.80672842354	218	251	247	66	263	199	160	213	187	245
303	"Tuscon"	"AZ"	589	8548	1259	1400	4397	2685	4889	3131	6147	-110.968002319336	32.2169990539551	531443	4	0	3	0.00712347778336222	146	1212.25301089782	3142.48596804063	85	80	279	218	82	128	27	204	50	65
129	"Hamilton-Middletown"	"OH"	542	8227	1135	892	3338	2747	2316	1604	4618	-84.4810028076172	39.4570007324219	258787	36	0	12	0.00712321185717934	147	3280.57695701691	645.629152558669	159	255	141	188	100	218	169	171	119	143
144	"Janesville-Beloit"	"WI"	466	7447	700	858	3092	2532	1092	1615	4371	-89.0260009765625	42.5950012207031	139420	49	0	1	0.00696385926324334	148	2870.61943646733	1091.00571183287	249	277	130	132	190	239	162	257	206	222
232	"Pensacola"	"FL"	536	6479	563	1472	2918	2914	1954	2160	6029	-87.4059982299805	30.6609992980957	289782	10	0	14	0.00681333692259824	149	3298.03546746903	1317.02352197519	170	93	285	51	238	252	80	106	145	124
215	"Niagara Falls"	"NY"	554	7686	507	775	5561	2538	966	1873	4463	-79.056999206543	43.0970001220703	227354	35	0	13	0.00675364352897146	150	3679.58796253489	497.989114571983	135	270	100	145	255	56	118	254	220	154
246	"Racine"	"WI"	496	8943	931	1055	3558	2732	1171	2016	4415	-87.8000030517578	42.7270011901855	173132	49	0	15	0.00669886654860255	151	2970.75745409362	1001.6054295686	220	273	205	235	134	189	94	178	200	187
16	"Anniston"	"AL"	560	5530	598	1125	3051	2189	268	1165	4730	-85.8270034790039	33.6549987792969	119761	2	0	10	0.00667801548777474	152	3317.52209106139	980.399757541467	121	244	228	6	222	241	253	308	284	253
253	"Riverside-San Bernardino"	"CA"	615	9754	2201	1475	3141	2596	5327	1918	4923	-117.337997436523	34.0439987182617	1558182	5	0	6	0.00663660456636538	153	618.037355469343	3618.69531550223	59	219	286	255	35	233	111	240	44	19
109	"Fort Myers"	"FL"	342	9298	546	787	4583	2729	380	4005	7166	-81.8730010986328	26.6420001983643	205266	10	0	7	0.00663606023841982	154	3979.87363072667	1436.33132355729	300	27	106	243	243	110	6	179	267	163
84	"Denver"	"CO"	521	10789	2533	1365	8145	3145	8477	2324	7164	-104.987998962402	39.7400016784668	1428836	6	0	2	0.00660373298102126	155	1526.20604313419	2399.67210404752	192	28	276	279	21	5	64	40	17	22
299	"Texarkana-TX-Texarkana"	"AR"	467	5717	343	822	2537	2899	63	669	4772	-94.052001953125	33.431999206543	113067	44	0	10	0.00639965772449341	156	2602.03563979785	1642.67268260237	248	239	120	12	289	274	311	113	314	263
30	"Beaumont-Port Arthur"	"TX"	423	6288	616	1313	2782	2745	1795	1813	6019	-94.0120010375977	29.9909992218018	375497	44	0	14	0.00610551161805021	157	2751.76187134142	1842.29079211103	277	97	264	38	214	260	128	174	157	95
200	"Monmouth-Ocean"	"NJ"	615	11660	2482	819	2690	2787	7563	3544	6154	-74.0749969482422	40.3520011901855	849211	32	0	6	0.00608255851971951	158	4136.07495668154	301.214429455793	60	79	116	290	25	268	17	154	23	43
260	"St. Cloud"	"MN"	195	7235	603	343	4565	2502	1871	1572	5488	-94.1620025634766	45.5660018920898	163256	24	0	13	0.00595841650219144	159	2488.71104507482	1590.88365746719	310	149	4	117	220	112	175	266	151	199
100	"Fargo-Moorhead"	"ND-MN"	148	8168	920	503	6325	2506	2111	1414	5594	-96.777000427246	46.8759994506836	137574	29	0	13	0.00591704426359147	160	2326.54522165807	1832.08336491341	314	139	33	184	136	24	213	263	133	225
173	"Lexington-Fayette"	"KY"	635	8340	1860	1055	4080	2861	3596	1403	6245	-84.4970016479492	38.0480003356934	317629	18	0	3	0.00581931669024943	161	3306.98701520851	657.088626607788	48	72	204	203	47	151	219	129	77	113
102	"Fayettteville-Sprindale"	"AR"	549	6686	594	545	3581	2334	1915	1695	4631	-94.150001525879	36.1459999084473	100494	3	0	4	0.0056911356251609	162	2511.32165654844	1539.47435403552	142	253	42	69	226	187	147	300	149	284
188	"McAllen-Edinburg-Mission"	"TX"	238	5345	372	836	2117	2644	1231	1059	5739	-98.2429962158203	26.257999420166	283229	44	0	10	0.0055949846769454	163	2605.71170152833	2426.45514118825	309	122	125	2	282	299	272	220	196	125
286	"Spokane"	"WA"	574	6927	497	869	5534	2774	2988	1517	4722	-117.404998779297	47.6720008850098	341835	48	0	13	0.00551806346454737	164	1174.8495557166	3372.06800870492	105	246	133	94	258	58	186	158	94	104
289	"Springfield"	"MO"	544	6343	577	892	3828	2709	1634	1737	5932	-93.2900009155273	37.2200012207031	207704	25	0	14	0.00531776124874078	165	2562.75647705631	1435.14415478398	154	102	140	43	235	164	137	194	166	162
164	"Lancaster"	"PA"	559	8631	1111	413	3908	3097	1015	1147	5120	-76.3079986572266	40.0369987487793	362346	39	0	15	0.00518236222956831	166	3957.41631182163	141.873389015758	123	200	14	226	103	159	256	50	215	98
136	"Huntington-Ashland"	"WV-KY-OH"	636	6632	875	665	4001	2525	2195	840	4383	-82.5240020751953	38.435001373291	336410	50	0	4	0.00510509458163543	167	3467.52291866318	479.915579689958	46	276	74	65	143	154	294	260	126	106
305	"Tuscaloosa"	"AL"	470	6464	674	1014	4723	2390	1432	1090	4900	-87.5670013427734	33.2050018310547	137541	2	0	1	0.00509060652047172	168	3180.76194133828	1138.81150896227	243	224	187	50	196	101	269	293	180	226
175	"Lincoln"	"NE"	398	8256	775	789	5618	2878	4523	1804	4908	-96.6849975585938	40.8230018615723	192884	30	0	9	0.00506970472129805	169	2234.24672674832	1689.41445135202	288	221	108	193	169	51	129	120	56	172
304	"Tulsa"	"OK"	530	7498	1581	1080	3758	2628	4248	2024	7115	-95.902000427246	36.1599998474121	657173	37	0	3	0.00494869471420806	170	2357.2378569479	1690.18825982374	178	31	213	135	65	173	93	226	64	52
116	"Gadsden"	"AL"	526	5382	622	749	2174	2299	153	300	4220	-86.0179977416992	34.0180015563965	103057	2	0	10	0.0048229289114839	171	3288.09752500413	969.582170444647	183	289	92	4	209	296	315	303	298	280
105	"Florence"	"AL"	546	5962	607	516	1454	2427	1021	994	4492	-87.6750030517578	34.7999992370605	135065	2	0	10	0.00476614884673656	172	3117.01133059256	1050.8558193651	148	264	35	21	218	314	280	285	213	231
202	"Montgomery"	"AL"	483	6754	832	815	3509	2388	1374	1112	4892	-86.3079986572266	32.3819999694824	272687	2	0	1	0.00471840720437261	173	3322.7396642892	1107.63951889155	231	225	114	81	152	198	265	294	184	133
257	"Rockford"	"IL"	466	7584	969	1156	2987	2680	1026	933	4592	-89.0979995727539	42.2680015563965	279514	15	0	1	0.00463319144012791	174	2865.26272158974	1085.89468516469	250	256	236	138	129	246	283	206	211	127
36	"Biloxi-Gulfport"	"MS"	584	6458	441	810	2516	2592	679	2106	5801	-88.9690017700195	30.3969993591309	182202	26	0	14	0.00461485901673961	175	3172.70457899572	1443.07337009942	90	115	113	48	272	279	85	241	244	182
35	"Billings"	"MT"	452	8315	479	810	6285	3008	778	2046	5913	-108.504997253418	45.7799987792969	108035	27	0	13	0.0046058980134566	176	1455.20003369495	2681.28743720523	259	104	112	200	261	25	90	75	233	275
229	"Parkerburg-Marietta"	"WV-OH"	617	6657	665	488	4399	2503	91	1148	5187	-81.4499969482422	39.4129981994629	157914	36	0	1	0.00460332800681773	177	3538.30163413094	385.641336290322	58	191	29	67	201	127	255	264	306	204
311	"Vineland-Millville-Bridgeton"	"NJ"	615	7295	807	1135	4133	2747	2097	1474	5023	-75.0989990234375	39.4379997253418	132866	32	0	4	0.00456283330588571	178	4072.67251382358	177.639225747101	61	209	230	122	160	147	200	172	135	233
230	"Pascagoula"	"MS"	584	6248	593	591	1750	1701	155	1956	4491	-88.5490036010742	30.3680000305176	118015	26	0	10	0.00447654216343363	179	3210.84743602174	1416.64269782524	91	265	52	35	230	308	99	315	296	256
59	"Champaign-Urbana-Rantoul"	"IL"	525	8627	672	1022	7447	3147	2203	1700	5485	-88.197998046875	40.181999206543	168392	15	0	13	0.00441296650552942	180	2954.99972268317	968.556173166374	186	150	192	224	198	7	146	39	125	196
90	"East St. Louis-Belleville"	"IL"	537	6501	444	1096	6539	2630	904	1610	6113	-89.9830017089844	38.5120010375977	300148	15	0	13	0.0043983994580775	181	2825.97258509424	1124.87969412648	167	82	220	53	270	22	163	224	222	119
62	"Charlotte-Gastonia-Rock Hill"	"NC-SC"	644	7169	999	1273	6099	3031	4313	1236	5671	-81.0169982910156	35.1370010375977	971391	28	0	9	0.00438645000628805	182	3688.23129691292	547.716227849469	38	130	259	112	126	32	241	62	61	34
166	"Laredo"	"TX"	424	6152	465	1050	3322	2827	150	702	5264	-99.5029983520508	27.5069999694824	99258	44	0	10	0.00428022368046942	183	2423.71255898671	2436.60738355927	275	178	203	28	265	221	309	141	299	287
231	"Pawtucket-Woonsocket-Attleboro"	"RI-MA"	586	9462	1117	744	4738	3058	480	1513	5154	-71.3949966430664	41.943000793457	307403	40	0	15	0.00423727864534538	184	4320.11485584193	586.027301151724	87	197	91	249	101	97	188	55	257	118
64	"Chattanooga"	"TN-GA"	576	6189	564	946	3401	2415	2483	1238	4487	-85.3099975585938	35.0429992675781	426540	43	0	4	0.00411840881185216	185	3316.56017639479	851.259283886292	98	267	159	30	237	212	239	287	114	84
184	"Macon-Warner Robbins"	"GA"	447	6235	593	783	3144	2651	1435	1204	5659	-83.6350021362305	32.8419990539551	263591	11	0	14	0.00402199448475423	186	3540.02697532698	898.502684894328	261	131	103	34	229	232	249	216	179	140
39	"Bismarck"	"ND"	149	8365	804	413	4303	2686	1211	1630	6019	-100.77799987793	46.806999206543	79988	29	0	15	0.00396124796688019	187	2036.17446374981	2117.87156309878	313	98	13	205	162	134	158	203	199	309
320	"Wichita"	"KS"	494	7061	806	1164	3933	2981	2987	1508	6036	-97.3369979858398	37.6920013427734	411313	17	0	4	0.00385667821986474	188	2201.35842816771	1775.32338961668	222	91	239	103	161	158	191	84	95	88
225	"Orlando"	"FL"	457	8196	765	1671	5887	2976	2681	2881	7413	-81.3769989013672	28.55299949646	700055	10	0	3	0.00379849219106899	189	3926.08267709217	1218.75562503525	255	21	306	185	170	42	39	85	105	50
313	"Waco"	"TX"	412	6106	538	1166	3018	2867	1141	1248	6259	-97.1419982910156	31.5470008850098	170755	44	0	14	0.00378330023754974	190	2407.33572491686	1997.4881034207	281	71	241	25	246	242	238	127	204	192
169	"Lawrence"	"KS"	513	7497	621	1018	2931	2700	3150	1752	4573	-95.2379989624023	38.9630012512207	67640	17	0	4	0.00365878145882354	191	2367.01990784859	1573.94290122367	205	258	190	134	210	251	134	198	89	313
261	"St. Joseph"	"MO"	475	5589	223	969	2689	2927	879	1265	5991	-94.8379974365234	39.7669982910156	87888	25	0	14	0.00365361043406495	192	2394.36183234106	1533.70052921026	241	100	168	7	308	269	237	100	224	299
187	"Mansfield"	"OH"	558	6881	303	1072	2876	2871	554	1133	4386	-82.5169982910156	40.757999420166	131205	36	0	1	0.00345480532897611	193	3425.13976335138	512.678346229573	130	275	210	90	299	256	259	124	252	236
148	"Joliet"	"IL"	479	9327	1058	837	4645	2868	3177	1636	4631	-88.0800018310547	41.5270004272461	355042	15	0	12	0.00341848935323923	194	2952.80671862307	983.059311268226	237	254	126	246	114	104	156	126	88	100
96	"Erie"	"PA"	605	7715	529	635	5754	2641	2032	1340	4299	-80.072998046875	42.1129989624023	279780	39	0	13	0.00341606129803576	195	3608.71111708876	441.268064512765	68	283	64	147	248	46	229	221	137	126
190	"Melbourne-Titusville-Palm Bay"	"FL"	582	8721	517	1039	2560	2814	437	3800	7089	-80.6689987182617	28.2450008392334	272959	10	0	7	0.00333853940455037	196	4003.42647566648	1231.95538149658	94	33	200	230	252	273	12	143	261	132
125	"Green Bay"	"WI"	367	8401	916	583	3793	2622	2547	1925	5650	-88.0070037841797	44.5130004882812	175280	49	0	15	0.00329144967136659	197	2956.68848351724	1104.54982115274	295	134	51	211	138	170	107	231	111	184
221	"Oklahoma City"	"OK"	554	7186	1623	1297	4459	2908	4843	1742	8119	-97.3040008544922	35.2960014343262	860969	37	0	3	0.00313648321376616	198	2256.2348821993	1839.7721414811	136	5	261	113	62	120	136	107	51	40
54	"Burlington"	"NC"	637	6179	994	707	1910	2519	131	701	5680	-79.4329986572266	36.0970001220703	99319	28	0	10	0.00311329162210718	199	3795.38427547439	376.447488827533	45	126	82	29	127	304	310	261	302	286
151	"Kankakee"	"IL"	483	7230	609	976	3444	2855	75	1119	5579	-87.8669967651367	41.117000579834	102926	15	0	1	0.00293238418939419	200	2973.59321011626	955.719540626849	232	142	174	116	217	206	263	131	312	281
171	"Lawton"	"OK"	479	5850	477	1156	2366	2375	1280	1757	6105	-98.4120025634766	34.6119995117188	112456	37	0	14	0.00291382618470379	201	2178.92187184796	1960.45005252726	238	83	235	19	262	285	133	297	191	266
87	"Dothgan"	"AL"	336	5708	593	930	2232	2230	117	714	5453	-85.3929977416992	31.2229995727539	122453	2	0	10	0.00285594164540497	202	3450.63959592148	1143.09265227391	301	155	154	10	227	294	307	306	304	250
201	"Monroe"	"LA"	455	6190	331	957	3606	2453	1528	1541	5537	-92.1169967651367	32.5	139241	19	0	14	0.00280068481963819	203	2807.16452645316	1535.35864356815	257	145	163	31	294	186	182	278	173	224
75	"Corpus Christi"	"TX"	362	6929	458	1335	3626	2840	1992	2037	6690	-97.6210021972656	27.7759990692139	326228	44	0	14	0.00276716475971359	204	2563.11083051982	2271.37653571008	297	44	270	95	266	185	91	140	142	109
10	"Amarillo"	"TX"	609	6546	669	1073	4902	2852	1235	1109	6241	-101.848999023438	35.382999420166	173699	44	0	13	0.00267615537802304	205	1853.98193932491	2229.44321431397	66	73	211	58	199	91	266	135	195	186
155	"Kileen-Temple"	"TX"	365	6463	398	733	2862	3167	920	931	6331	-97.5339965820312	31.1100006103516	214656	44	0	14	0.00256665938809914	206	2393.34592532438	2054.14507457083	296	62	88	49	277	258	284	36	221	158
112	"Fort Walton Beach"	"FL"	536	7554	484	544	2886	2809	87	2092	6342	-86.6510009765625	30.761999130249	109920	10	0	14	0.0025624722456949	207	3359.92351249511	1260.06191234742	171	61	40	137	260	254	86	145	307	272
249	"Redding"	"CA"	664	8584	274	892	5727	2471	845	2424	4459	-122.400001525879	40.5820007324219	115715	5	0	13	0.00251743184045487	208	312.477555021001	3844.83956238419	27	271	142	221	301	48	59	275	226	258
41	"Bloomington-Normal"	"IL"	487	8654	815	673	5889	2854	1470	1605	5863	-88.9899978637695	40.4949989318848	119149	15	0	13	0.00249885919411833	209	2884.80098531463	1038.7841620862	229	110	75	227	158	41	167	132	176	254
99	"Fall River"	"MA-RI"	643	9017	900	861	4602	2439	749	2005	4884	-71.1009979248047	41.7939987182617	157222	20	0	15	0.00248201318856102	210	4347.30595413165	597.839050491099	40	228	131	238	141	107	95	282	238	206
56	"Canton"	"OH"	575	7332	443	650	4279	2754	989	1157	4847	-81.3779983520508	40.7980003356934	404421	36	0	1	0.00242719886755412	211	3519.63193692035	427.624312066699	102	232	68	124	271	135	254	169	219	90
280	"Sheboygan"	"WI"	442	8121	593	450	3458	2557	268	1316	4765	-87.7480010986328	43.7599983215332	100935	49	0	15	0.00232611257211099	212	2974.79247901209	1045.65374460456	264	240	23	180	231	204	233	248	283	283
107	"Fort Collins-Lover=land"	"CO"	490	9951	731	744	2637	2413	1609	4200	6631	-105.080001831055	40.4900016784668	149184	6	0	7	0.00232154794866827	213	1524.59061462431	2398.97173879799	225	48	90	263	181	272	4	289	168	213
167	"Las Cruces"	"NM"	552	6962	588	1457	2989	2736	2804	1609	5341	-106.77799987793	32.3120002746582	96340	33	0	4	0.00231160102570274	214	1547.06054876934	2776.43559538347	138	163	283	97	232	244	165	176	101	291
210	"New Haven-Meriden"	"CT"	583	11460	2068	893	5938	3495	7852	1604	5478	-72.8509979248047	41.4179992675781	500474	7	0	6	0.00231114205561023	215	4212.88941450443	453.4143644825	92	152	143	285	40	38	168	8	22	72
291	"State College"	"PA"	575	8405	612	540	2740	3169	1271	1200	4677	-77.8669967651367	40.7919998168945	112760	39	0	15	0.00228180658822563	216	3811.99542235341	223.193594584945	103	249	39	212	216	264	250	35	192	265
182	"Lubbock"	"TX"	604	6990	900	1608	4158	2545	3402	1702	5923	-101.843002319336	33.5830001831055	211651	44	0	4	0.00227491317911889	217	1913.67719777998	2296.72437882674	69	103	302	99	140	145	145	251	82	160
143	"Jacksonville"	"NC"	564	6111	740	967	1780	2646	567	1177	6386	-77.4300003051758	34.7480010986328	112784	28	0	14	0.00226784547011103	218	4013.27150271831	462.661279847751	116	59	166	26	175	307	252	218	251	264
270	"San Francisco"	"CA"	910	17158	3726	1619	8299	3371	14226	4600	6063	-122.416999816895	37.7750015258789	1488871	5	0	11	0.00218587818609338	219	0	3923.43942062751	1	87	304	313	8	3	2	15	6	21
135	"Houston"	"TX"	424	9760	2467	1499	4626	3271	11073	1825	7464	-95.0029983520508	29.8339996337891	2735766	44	0	2	0.00215646271200927	220	2673.75806182325	1929.42485648836	276	18	291	256	26	106	124	25	8	6
214	"Newark"	"NJ"	601	14220	4106	1461	3514	3362	14224	1818	5690	-74.1719970703125	40.7369995117188	1878959	32	0	11	0.00211012590170707	221	4119.25494262329	319.387593354125	74	125	284	304	6	195	126	17	7	12
314	"Washington"	"DC-MD-VA"	631	13724	4361	1317	8236	3635	21701	1578	6072	-77.0329971313477	38.8919982910156	3250822	8	0	8	0.00208951946083004	222	3923.43942062751	0	51	86	265	300	5	4	174	2	4	4
228	"Panama City"	"FL"	536	6373	201	1344	2778	2500	755	2089	6083	-85.6969985961914	30.2689990997314	97740	10	0	14	0.00187314219226628	223	3465.72772563019	1244.47131325459	172	85	272	44	311	261	87	267	237	289
120	"Glens Falls"	"NY"	476	7120	43	568	2241	2674	603	1883	5166	-73.6449966430664	43.310001373291	109649	35	0	10	0.00184134771934546	224	4112.38348552195	567.897149693084	240	195	48	109	315	292	116	207	249	273
134	"Houma-Thibodaux"	"LA"	427	7094	583	400	1145	1995	725	2700	6662	-90.7699966430664	29.6959991455078	176876	19	0	14	0.00173391889350681	225	3047.96359763282	1622.76475661157	273	46	10	107	233	315	44	313	241	183
193	"Middlesex-Somerset-Hunterdon"	"NJ"	559	12135	2589	691	4198	3539	8058	1596	6324	-74.5029983520508	40.5800018310547	886383	32	0	6	0.00168957270404735	226	4095.38401626784	286.709818401989	124	63	79	292	18	139	172	5	19	38
296	"Tallahassee"	"FL"	404	8029	370	1161	5530	2790	2181	1936	6021	-84.281997680664	30.4449996948242	190220	10	0	13	0.00154113398674042	227	3582.24663269282	1150.01730618724	283	95	237	174	283	59	105	153	127	176
281	"Sherman-Denison"	"TX"	524	5722	394	1035	1922	2652	68	937	6213	-96.5759963989258	33.6949996948242	89796	44	0	10	0.00151017816144592	228	2370.83141547208	1842.08480098723	188	75	198	13	278	303	282	214	313	298
145	"Jersey City"	"NJ"	601	8810	1759	1434	4982	2574	7420	1001	4889	-74.0670013427734	40.7280006408691	556972	32	0	6	0.00147629610791102	229	4128.13239803828	325.695824476776	75	226	282	231	54	84	277	245	26	62
42	"Boise City"	"ID"	592	8221	453	880	6575	2391	2385	1672	4633	-116.218002319336	43.6129989624023	173036	14	0	13	0.00146076465009546	230	833.801102104733	3290.13170927639	81	252	137	187	268	19	150	292	115	188
61	"Charleston"	"WV"	627	7789	708	721	5470	2894	2605	844	5257	-81.6449966430664	38.3680000305176	269595	50	0	13	0.00133540643020092	231	3544.12789066372	405.243427275331	52	179	85	156	187	62	292	116	108	134
312	"Visalia-Tulare-Porterville"	"CA"	543	7778	210	1132	3094	2128	511	2800	5563	-119.21900177002	36.2039985656738	245738	5	0	15	0.00131520039911074	232	333.796093894484	3702.20446784082	155	143	229	154	310	238	42	312	256	149
258	"Sacramento"	"CA"	576	9855	1027	1363	5097	2793	4483	2306	5309	-121.48999786377	38.5849990844727	1099814	5	0	3	0.00131044633793101	233	121.285117912745	3821.13303533537	99	170	275	258	122	78	67	152	58	30
168	"Las Vegas"	"NV"	556	9906	412	1913	5900	2241	1586	3996	6035	-115.147003173828	36.1720008850098	463087	34	0	5	0.00131026106523642	234	670.522335684344	3353.80974723962	134	92	312	261	276	40	8	305	170	77
7	"Allentown-Bethlehem"	"PA-NJ"	559	8288	621	514	2881	3144	2333	1117	5097	-75.4400024414062	40.6160011291504	635481	39	0	15	0.00130503657026342	235	4016.95210228815	235.399918941301	125	203	34	197	211	255	264	42	118	55
321	"Wichita Falls"	"TX"	456	6404	549	1179	2793	2747	599	1126	6805	-98.5130004882812	33.9099998474121	121082	44	0	14	0.0012890795943107	236	2193.2130226591	1997.52214188878	256	41	244	46	241	259	261	173	250	252
3	"Albany"	"GA"	468	7339	618	970	2531	2560	237	859	5250	-84.1579971313477	31.5750007629395	112402	11	0	10	0.00125714979532634	237	3544.51047768352	1039.98049153429	246	182	170	125	212	276	290	247	288	267
226	"Owensboro"	"KY"	524	6760	812	568	2273	2491	804	852	6062	-87.1129989624023	37.7680015563965	85949	18	0	14	0.00124519152592982	238	3087.68098487378	888.610148886542	189	88	47	82	159	289	291	270	231	300
161	"Lake Charles"	"LA"	469	6921	314	1093	3549	2336	1456	1855	5872	-93.2170028686523	30.2280006408691	167223	19	0	14	0.00121875767830706	239	2809.40364788945	1765.38360713434	244	106	219	93	297	192	121	299	178	197
114	"Forth-Arlington"	"TX"	528	7956	1038	1348	4472	2627	6466	2366	6862	-97.1129989624023	32.7369995117188	973138	44	0	3	0.00106279810006446	240	2359.62159673318	1932.72280937399	179	40	274	170	119	119	63	228	34	33
327	"York"	"PA"	540	8371	713	440	2267	2903	1022	842	4946	-76.7279968261719	39.9599990844727	381255	39	0	15	0.00103002229897283	241	3924.03326364911	121.747562717807	163	215	21	206	185	290	293	111	212	94
19	"Athens"	"GA"	601	6691	605	933	1866	2646	3546	1001	5193	-83.3830032348633	33.9570007324219	130015	11	0	4	0.000899858085250663	242	3521.33947744002	790.360882917416	76	189	155	71	219	305	278	219	79	238
103	"Fitchburg-Leominster"	"MA"	507	8252	655	655	2244	2799	270	790	5098	-71.7770004272461	42.5550003051758	94018	20	0	15	0.000847836919618552	243	4276.3464884307	602.181209130624	211	202	71	192	203	291	303	147	282	292
189	"Medford"	"OR"	611	9008	256	728	3512	2797	1856	1416	3692	-122.866996765137	42.3230018615723	132456	38	0	12	0.000792217592575602	244	507.72945729794	3845.42382584542	65	307	87	236	303	196	212	149	154	234
208	"New Bedsford"	"MA"	643	8087	519	1012	3219	2439	766	1450	4937	-70.9300003051758	41.6370010375977	166699	20	0	15	0.000763041937579836	245	4364.79016822679	601.549573812609	41	217	186	179	251	226	205	283	235	198
302	"Trenton"	"NJ"	636	10616	1372	1181	4786	3311	5029	1646	5772	-74.7669982910156	40.2249984741211	307863	32	0	6	0.000749920213605078	246	4081.55399322487	244.609913832959	47	118	246	277	74	95	155	21	49	117
306	"Tyler"	"TX"	500	7298	672	955	3460	3283	404	631	7327	-95.302001953125	32.3450012207031	128366	44	0	14	0.000731286277438182	247	2533.87323019213	1802.45253294026	214	23	162	123	197	202	312	23	264	241
66	"Chico"	"CA"	603	8587	243	947	4067	3126	1647	1543	5307	-121.837997436523	39.7319984436035	143851	5	0	15	0.000704347845266656	248	223.57405355253	3819.22203690012	70	171	160	222	304	152	180	46	165	217
44	"Boulder-Longmont"	"CO"	459	11914	962	1088	7108	2587	3663	4012	7127	-105.193000793457	40.0909996032715	189625	6	0	5	0.000697038651944138	249	1511.11167640989	2412.73602006869	253	30	215	291	131	12	5	242	75	177
177	"Longview-Marshall"	"TX"	500	6608	509	976	2680	2816	334	834	6898	-94.5579986572266	32.5209999084473	151752	44	0	14	0.000681288729928092	250	2592.01649329783	1731.82122214715	215	38	173	62	254	270	297	142	275	209
222	"Olympia"	"WA"	726	8263	338	752	4083	2625	708	1451	4912	-122.889999389648	47.0449981689453	124264	48	0	15	0.000632490389891465	251	1032.65904504621	3786.4484012303	21	220	93	195	292	150	204	230	242	246
224	"Orange County"	"NY"	509	10173	1574	804	3299	2754	6987	1866	5822	-74.4130020141602	41.4529991149902	259603	35	0	6	0.000617450707181557	252	4084.14896742878	361.81718319873	208	112	111	268	66	224	120	168	31	142
137	"Huntsville"	"AL"	600	6283	685	924	2661	2257	1921	1075	6412	-86.5869979858398	34.7319984436035	196966	2	0	14	0.000603315094028008	253	3214.55730674312	968.512576412365	78	57	153	37	194	271	270	304	148	169
1	"Abilene"	"TX"	521	6200	237	923	4031	2757	996	1405	7633	-99.6890029907227	32.5589981079102	110932	44	0	14	0.000597416997040551	254	2142.14102288247	2158.57115094868	193	15	152	33	306	153	218	166	217	270
315	"Materbury"	"CT"	569	10024	1218	789	2434	2995	318	946	5656	-73.0479965209961	41.4099998474121	204968	7	0	15	0.000591577756650636	255	4196.93354186227	439.843028566673	110	133	107	266	89	282	281	80	277	164
209	"New Britain"	"CT"	516	10509	1245	903	4900	3128	1360	1217	6470	-72.7829971313477	41.6679992675781	142241	7	0	7	0.000531114570961072	256	4213.06210121051	475.03864912847	199	53	147	275	85	92	244	45	185	219
70	"Colorado Springs"	"CO"	526	8509	721	1086	3389	2754	1749	2375	7699	-104.819999694824	38.8330001831055	309424	6	0	7	0.000529078983690404	257	1539.32277432455	2399.15574540872	184	13	214	215	184	213	62	167	162	116
211	"New London-Norwich"	"CT-RI"	583	10218	556	633	4505	3244	1164	2281	6672	-72.0950012207031	41.443000793457	250839	7	0	7	0.00050000613853638	258	4274.17524064377	506.905781412628	93	45	63	270	240	116	69	28	203	146
124	"Greeley"	"CO"	490	8218	706	994	1641	2854	1254	739	5443	-104.693000793457	40.4179992675781	123438	6	0	15	0.000496073136756642	259	1556.45262849803	2366.99703315311	226	157	180	186	188	312	305	133	194	247
92	"El Paso"	"TX"	592	7343	528	1323	3705	2479	3800	1101	5080	-106.480003356934	31.7549991607666	479899	44	0	4	0.000494847497997519	260	1601.22064453069	2776.27989719352	82	206	266	126	249	179	267	274	72	75
275	"Sarasota"	"FL"	391	9560	801	939	3742	2626	817	2535	7715	-82.531997680664	27.3369998931885	202251	10	0	7	0.000468657593244638	261	3885.80363797302	1383.96306759943	290	11	157	252	163	175	51	229	229	167
218	"Oakland"	"CA"	910	13135	2362	1533	6430	2646	6162	2394	5457	-122.267997741699	37.8079986572266	1761759	5	0	6	0.000460310193335361	262	13.6126498554124	3909.8273812781	2	154	296	296	30	23	60	217	37	15
115	"Fresno"	"CA"	559	9291	369	1483	4388	2407	3596	2984	5746	-119.782997131348	36.7319984436035	514621	5	0	3	0.000443314118574107	263	260.660620936035	3732.93242645972	126	120	287	242	284	129	34	291	78	71
46	"Brazoria"	"TX"	423	8394	438	768	2391	2718	1506	1512	6020	-95.5699996948242	29.0429992675781	169587	44	0	15	0.00042266287289273	264	2665.68321256412	2026.28970661853	278	96	99	210	273	284	189	190	174	195
95	"Enid"	"OK"	461	6829	626	845	2312	2764	215	1200	8268	-97.875	36.3950004577637	62820	37	0	14	0.000386586527244597	265	2178.59072087223	1853.87854699305	252	4	127	87	208	288	251	163	290	315
318	"West Palm Beach-Boca Raton-Delray Beach"	"FL"	509	10512	375	1783	5201	3224	2888	3772	7992	-80.218002319336	26.6550006866455	576863	10	0	5	0.000381803206302541	266	4124.14872889375	1394.18216721382	209	8	310	276	281	75	13	32	97	58
23	"Aurora-Elgin"	"IL"	474	10384	1203	821	3943	2208	3857	1800	5097	-88.2809982299805	41.8940010070801	315607	15	0	3	0.000378820134321798	267	2934.06126052474	1009.56239518875	242	204	118	272	91	157	131	307	70	114
25	"Bakersfield"	"CA"	560	8068	420	1561	3725	2564	1222	1568	6056	-119.022003173828	35.375	403089	5	0	15	0.000366093521424863	268	404.288896640044	3714.12544592805	122	89	299	176	275	177	177	246	198	91
50	"Brockton"	"MA"	575	8263	916	1336	3810	2729	2001	1217	6900	-71.0169982910156	42.0849990844727	182891	20	0	15	0.000357975381574441	269	4347.65495995738	620.840540596554	104	37	271	196	137	167	245	181	140	181
108	"Fort Lauderdale-Hollywood-Pompano Beach"	"FL"	572	10810	1252	1536	4186	2734	2027	2455	7136	-80.1370010375977	26.121000289917	1018200	10	0	7	0.000338433913359187	270	4159.62227046799	1450.9486411336	106	29	297	280	84	141	56	177	138	32
269	"San Diego"	"CA"	903	14465	2416	1099	5489	2794	8818	3347	5489	-117.15299987793	32.7130012512207	1861846	5	0	11	0.000327202851195583	271	739.013939006508	3656.82928163235	3	148	221	307	29	61	21	151	15	13
310	"Victoria"	"TX"	336	7143	260	1092	2407	2696	87	1410	7599	-97.004997253418	28.8050003051758	68807	44	0	14	0.000324576280598217	272	2556.24821296245	2153.77232199897	302	16	217	111	302	283	217	199	308	312
34	"Bergen-Passaic"	"NJ"	559	14607	2661	857	3511	3653	9304	1918	6016	-74.0589981079102	40.890998840332	1292970	32	0	11	0.000295941120749112	273	4125.17012167511	337.66093179968	127	99	129	308	16	197	110	1	13	25
309	"Vancouver"	"WA"	768	9015	517	752	3817	2332	1557	1464	4571	-122.669998168945	45.625	192227	48	0	15	0.000276289811790934	274	874.110556975123	3781.06563687611	17	259	94	237	253	166	201	301	172	173
329	"Yuba City"	"CA"	608	7875	212	1179	2768	2387	122	918	4694	-121.622001647949	39.1279983520508	101979	5	0	15	0.000271144829993573	275	165.793956735137	3817.11552262	67	248	245	160	309	263	285	295	303	282
267	"San Angelo"	"TX"	488	6321	236	1032	2938	2707	1301	1136	7720	-100.436996459961	31.4629993438721	84784	44	0	14	0.000245339338168543	276	2126.52469341546	2276.35124335726	227	10	196	40	307	250	258	195	189	301
170	"Lawrence-Haverhill"	"MA-NH"	548	10414	1202	909	3575	2479	2111	1879	6527	-71.4390029907227	43.1759986877441	339090	20	0	7	0.00023397266713752	277	4291.36473152658	669.075964173388	145	51	148	273	92	188	117	272	134	105
110	"Fort Pierce"	"FL"	602	8842	527	1422	2143	3154	368	2058	7973	-80.3270034790039	27.44700050354	151196	10	0	7	0.00020645944902827	278	4073.53901587894	1310.22808378179	73	9	280	233	250	297	89	38	270	211
52	"Bryan-College Station"	"TX"	383	8228	640	1016	2530	2973	2002	1413	8040	-96.3570022583008	30.6439990997314	93588	44	0	7	0.000191350591525461	279	2517.18358880739	1985.63256648754	293	7	189	189	206	277	215	86	139	294
194	"Middletown"	"CT"	593	11652	884	646	4636	3128	730	1682	6307	-72.6549987792969	41.5620002746582	81582	7	0	5	0.000163656643169902	280	4225.78966996602	476.117924044448	80	67	67	288	142	105	149	44	240	307
45	"Bradenton"	"FL"	440	8242	333	1093	3805	2712	154	1349	7437	-82.5719985961914	27.4950008392334	148442	10	0	7	0.00015735884469131	281	3874.16168533632	1368.86614446508	268	20	218	191	293	168	228	191	297	214
264	"Salem-Glouster"	"MA"	644	11622	1232	490	3459	2729	3276	2234	6309	-70.781997680664	42.576000213623	258175	20	0	5	0.000156627003156935	282	4356.08840958515	667.672559323053	39	65	31	287	87	203	74	180	85	145
293	"Stockton"	"CA"	625	8474	342	1395	4427	2155	1579	1630	5672	-121.285003662109	37.9580001831055	347342	5	0	15	0.000149277113842046	283	101.544067035336	3822.1908196762	54	128	278	214	291	122	157	310	171	102
47	"Bremerton"	"WA"	808	9060	310	651	1670	2544	382	1973	5671	-122.629997253418	47.5670013427734	147152	48	0	15	0.0001459279301762	284	1090.17999660427	3764.0963284463	14	129	69	239	298	311	97	253	266	215
220	"Odessa"	"TX"	603	6689	384	1698	1944	2721	259	900	7565	-102.375	31.8579998016357	115374	44	0	14	0.000140779643813457	285	1941.73424863965	2420.38389003933	71	17	308	70	280	302	289	188	286	259
28	"Baton Rouge"	"LA"	427	8083	342	1565	3329	2635	4237	1413	6308	-91.1849975585938	30.4500007629395	494151	19	0	3	0.000131209597218688	286	2976.27205158116	1597.40149982631	274	66	300	178	290	219	214	222	65	73
49	"Bristol"	"CT"	516	10041	975	545	4495	2628	514	777	6527	-72.9499969482422	41.6730003356934	73762	7	0	7	0.000123345189797977	287	4199.3234170078	464.725909181774	200	52	41	267	128	117	304	227	255	310
199	"Modesto"	"CA"	639	8630	347	1154	2000	2616	631	833	5107	-121.001998901367	37.6430015563965	265900	5	0	15	0.000121895463125412	288	125.478414090572	3807.80552835798	43	201	234	225	287	301	298	235	246	137
242	"Poughkeepsie"	"NY"	488	9981	355	633	4166	2898	785	1670	6746	-73.9300003051758	41.7019996643066	245055	35	0	7	0.000115043769234851	289	4118.66637706338	408.909618968089	228	42	62	265	285	143	151	114	232	150
181	"Lowell"	"MA-NH"	526	9640	1083	819	3820	2479	3057	1129	6651	-71.313003540039	42.6370010375977	243142	20	0	3	0.000107272730224289	290	4312.07728818629	637.20957064209	185	47	115	253	110	165	260	273	91	151
308	"Vallejo-Fairfield-Napa"	"CA"	821	10503	1079	964	4153	2498	2962	1559	5819	-122.194000244141	38.2200012207031	334402	5	0	5	9.11383834528521e-05	291	53.2599028135067	3891.05131110895	11	114	164	274	111	146	178	268	96	107
24	"Austin"	"TX"	435	8831	782	1049	3670	3063	5355	1063	7439	-97.7419967651367	30.2819995880127	536688	44	0	3	8.85433542197137e-05	292	2415.58749096455	2119.29427916109	269	19	202	232	167	181	271	54	43	64
186	"Manchester"	"NH"	404	9860	737	633	4595	2728	475	837	7101	-71.4619979858398	42.9949989318848	129305	31	0	7	8.63932565667324e-05	293	4292.99313277239	653.968183239983	284	32	61	259	176	108	296	183	258	239
57	"Casper"	"WY"	401	9839	345	989	4410	2453	303	1435	6303	-106.313003540039	42.8470001220703	71856	51	0	7	8.45745197258966e-05	294	1475.96365945335	2490.77699606788	286	70	179	257	288	123	207	279	279	311
48	"Bridgeport-Milford"	"CT"	648	13429	2550	943	3197	3029	8368	1913	7197	-73.1269989013672	41.2080001831055	438557	7	0	11	8.3386523898372e-05	295	4194.87269906645	420.938222962069	34	26	158	299	20	228	112	64	18	81
251	"Richland-Kinnewick-Pasco"	"WA"	664	8461	300	779	4714	1728	529	1204	5326	-119.194999694824	46.2589988708496	144469	48	0	15	7.54902010592374e-05	296	981.076948903527	3508.25437422062	28	166	102	213	300	102	248	314	254	216
250	"Reno"	"NV"	535	12449	615	1116	6767	2529	2210	2386	5677	-119.806999206543	39.5229988098145	193623	34	0	5	7.04681022601081e-05	297	298.893698443903	3654.88020220802	174	127	225	294	215	16	61	258	124	171
162	"Lake County"	"IL"	514	13282	1237	822	3422	2607	3746	2435	5755	-88.6179962158203	39.6360015869141	440372	15	0	5	6.28243214293417e-05	298	2926.12442391141	1001.21417873293	203	119	119	297	86	210	58	239	74	80
21	"Atlantic City"	"NJ"	615	11074	637	1878	3556	2929	621	2711	8107	-74.438003540039	39.367000579834	276385	32	0	7	5.44604939731193e-05	299	4129.84630920879	230.230447206376	62	6	311	283	207	190	43	98	248	128
205	"Nashua"	"NH"	538	10757	853	452	3320	2728	2122	1523	6962	-71.4619979858398	42.7569999694824	142527	31	0	7	5.35951677699528e-05	300	4297.67088544164	636.396149391579	164	36	24	278	147	222	185	182	132	218
12	"Anchorage"	"AK"	195	12175	601	1223	5091	2414	2346	3000	7668	-127.202003479004	48.8800010681152	174431	1	0	5	4.68557954151365e-05	301	1294.82626862697	4095.37070515749	311	14	256	293	221	79	31	288	117	185
241	"Portsmouth-Dover-Rochester"	"NH-ME"	469	9966	596	475	2321	3026	165	1390	8367	-70.8710021972656	43.189998626709	190938	31	0	7	4.04736668423465e-05	302	4336.50682868574	704.320398380765	245	3	27	264	225	287	222	71	294	174
274	"Santa Rosa-Petaluma"	"CA"	732	12931	1052	912	3313	2722	3457	2255	5703	-122.679000854492	38.3380012512207	299681	5	0	5	3.39303813385342e-05	303	66.7479385531651	3928.35641846284	19	124	150	295	115	223	71	186	81	120
160	"Lafayette"	"LA"	429	8572	548	1030	5268	2305	1772	1734	9702	-92.0199966430664	30.2250003814697	190231	19	0	7	2.43246343093501e-05	304	2913.8075000124	1675.23422032164	272	2	194	220	242	71	139	302	159	175
11	"Anaheim-Santa Ana"	"CA"	885	16047	2025	983	3954	2843	5632	3156	6220	-117.888999938965	33.798999786377	1932709	5	0	11	2.3810964791167e-05	305	602.402507802658	3675.94486072932	6	74	177	310	41	155	26	138	40	11
78	"Danbury"	"CT"	569	14420	2350	548	2715	3029	7415	1572	7060	-73.4599990844727	41.3930015563965	170369	7	0	11	2.26871135058098e-05	306	4163.54372690242	412.19238712024	111	34	43	306	31	265	176	66	27	193
265	"Salinas-Seaside-Monterey"	"CA"	843	13838	352	1107	4160	2439	1004	3179	5656	-121.801002502441	36.6339988708496	290444	5	0	5	9.80156469826472e-06	307	138.259846568171	3908.17758454383	9	132	223	301	286	144	25	281	216	123
133	"Honolulu"	"HI"	717	17021	1298	891	5911	2502	7168	3703	5187	-126.056999206543	31.7360000610352	762565	12	0	11	7.27278044885326e-06	308	749.999997400769	4469.79231908706	22	190	139	312	79	39	15	265	29	45
273	"Santa Cruz"	"CA"	843	14303	1035	964	5010	2611	3748	1703	5335	-122.022003173828	36.9720001220703	188141	5	0	5	5.0118687180045e-06	309	95.9767073764987	3915.70803180679	10	165	165	305	121	82	144	238	73	178
195	"Midland"	"TX"	603	8672	97	1166	5310	2416	438	1502	9980	-102.078002929688	31.9950008392334	82636	44	0	7	4.7639735156951e-06	310	1960.69108447582	2388.48209292347	72	1	240	228	313	68	194	286	260	305
272	"Santa Barbara-Santa Maria-Lompoc"	"CA"	855	15547	532	1026	5662	2719	2684	3300	5821	-120.195999145508	34.6710014343262	298694	5	0	5	4.59579734804238e-06	311	398.93657831198	3841.08469189696	7	113	193	309	247	49	22	189	104	121
227	"Oxnard-Ventura"	"CA"	890	14000	1106	791	2238	2155	2769	2135	5514	-119.203002929688	34.2369995117188	529174	5	0	5	3.72706607290496e-06	312	488.681645321546	3772.20780743053	4	146	109	303	105	293	84	309	103	67
271	"San Jose"	"CA"	850	16048	2117	1065	5224	2709	6446	1964	7270	-121.883003234863	37.3349990844727	1295071	5	0	11	2.32853352961681e-06	313	67.9699431109442	3892.12776961281	8	24	206	311	38	72	98	193	35	24
217	"Norwalk"	"CT"	648	20151	2530	625	3536	3029	7273	2268	6432	-73.3649978637695	41.1230010986328	126692	7	0	11	7.48484131598491e-07	314	4177.199673037	399.305219392767	35	55	56	314	22	193	70	63	28	244
290	"Stamford"	"CT"	648	23640	2610	835	3110	3029	7865	1729	6158	-73.5400009155273	41.0530014038086	198854	7	0	11	1.64369744354882e-08	315	4164.35362213435	382.913615148153	36	78	124	315	17	236	140	65	21	168
